Workbook

Sheet Sheet2
A3: Row Labels | B3: Count of date
A4: Рябко Сергей Сергеевич | B4: 17 | C4: =_xlfn.XLOOKUP(A4,Sheet1!B:B,Sheet1!C:C,"") -> ДРЗА ВН
A5: Воропаев Александр Юрьевич | B5: 17 | C5: =_xlfn.XLOOKUP(A5,Sheet1!B:B,Sheet1!C:C,"") -> ДАЭС
A6: Четырева Наталья Владимировна | B6: 11 | C6: =_xlfn.XLOOKUP(A6,Sheet1!B:B,Sheet1!C:C,"") -> Редкит Лаб
A7: Москалев Алексей Анатольевич | B7: 10 | C7: ДАЭС
A8: Егорова Елена Игоревна | B8: 10 | C8: =_xlfn.XLOOKUP(A8,Sheet1!B:B,Sheet1!C:C,"") -> Цех монтажа печатных плат
A9: Маслаков Алексей Васильевич | B9: 10 | C9: =_xlfn.XLOOKUP(A9,Sheet1!B:B,Sheet1!C:C,"") -> ДАЭС
A10: Боярских Дмитрий Вячеславович | B10: 9 | C10: =_xlfn.XLOOKUP(A10,Sheet1!B:B,Sheet1!C:C,"") -> ДАЭС
A11: Базанова Наталья Владимировна | B11: 8 | C11: Юридическо-договорной отдел
A12: Разумов Артем Николаевич | B12: 8 | C12: ДРЗА ВН
A13: Хусяинов Ильяс Зякиевич | B13: 8 | C13: =_xlfn.XLOOKUP(A13,Sheet1!B:B,Sheet1!C:C,"") -> ДАЭС
A14: Селиванов Артём Петрович | B14: 7 | C14: =_xlfn.XLOOKUP(A14,Sheet1!B:B,Sheet1!C:C,"") -> ДАЭС
A15: Васильев Игорь Сергеевич | B15: 7 | C15: ДРЗА ВН
A16: Ульянов Александр Иванович | B16: 6 | C16: =_xlfn.XLOOKUP(A16,Sheet1!B:B,Sheet1!C:C,"") -> ДАЭС
A17: Овчаров Иван Олегович | B17: 6 | C17: =_xlfn.XLOOKUP(A17,Sheet1!B:B,Sheet1!C:C,"") -> ДРЗА ВН
A18: Ганина (Абрамова) Екатерина Павловна | B18: 6 | C18: =_xlfn.XLOOKUP(A18,Sheet1!B:B,Sheet1!C:C,"") -> Отдел ИТ
A19: Полушин Андрей Владимирович | B19: 6 | C19: =_xlfn.XLOOKUP(A19,Sheet1!B:B,Sheet1!C:C,"") -> ДАЭС
A20: Лешко Антон Сергеевич | B20: 6 | C20: =_xlfn.XLOOKUP(A20,Sheet1!B:B,Sheet1!C:C,"") -> Редкит Лаб
A21: Патрушева Татьяна Анатольевна | B21: 5 | C21: =_xlfn.XLOOKUP(A21,Sheet1!B:B,Sheet1!C:C,"") -> Дирекция
A22: Агафонова Виктория Александровна | B22: 5 | C22: =_xlfn.XLOOKUP(A22,Sheet1!B:B,Sheet1!C:C,"") -> Цех монтажа печатных плат
A23: Кухаренко Виктор Александрович | B23: 5 | C23: =_xlfn.XLOOKUP(A23,Sheet1!B:B,Sheet1!C:C,"") -> Отдел эксплуатации и капитального строительства зданий и сооружений (ОЭКС)
A24: Грязнов Алексей Олегович | B24: 5 | C24: =_xlfn.XLOOKUP(A24,Sheet1!B:B,Sheet1!C:C,"") -> ДАЭС
A25: Бабаев Артем Ахмадалиевич | B25: 4 | C25: =_xlfn.XLOOKUP(A25,Sheet1!B:B,Sheet1!C:C,"") -> Редкит Лаб
A26: Егармин Павел Сергеевич | B26: 4 | C26: =_xlfn.XLOOKUP(A26,Sheet1!B:B,Sheet1!C:C,"") -> ДАЭС
A27: Драничникова Любовь Александровна | B27: 4 | C27: =_xlfn.XLOOKUP(A27,Sheet1!B:B,Sheet1!C:C,"") -> Цех монтажа печатных плат
A28: Макаров Евгений Анатольевич | B28: 4 | C28: Редкит Лаб
A29: Фридрих Юрий Николаевич | B29: 4 | C29: =_xlfn.XLOOKUP(A29,Sheet1!B:B,Sheet1!C:C,"") -> Цех монтажа печатных плат
A30: Подашевский Евгений Михайлович | B30: 4 | C30: ДАЭС
A31: Шаблов Иван Александрович | B31: 4 | C31: =_xlfn.XLOOKUP(A31,Sheet1!B:B,Sheet1!C:C,"") -> Испытательный центр
A32: Зиберт Дмитрий Евгеньевич | B32: 4 | C32: ДАЭС
A33: Сентябова Елена Андреевна | B33: 3 | C33: =_xlfn.XLOOKUP(A33,Sheet1!B:B,Sheet1!C:C,"") -> ДАЭС
A34: Григорьева Александра Сергеевна | B34: 3 | C34: Кадровая служба
A35: Топайкина Татьяна Васильевна | B35: 3 | C35: =_xlfn.XLOOKUP(A35,Sheet1!B:B,Sheet1!C:C,"") -> Кадровая служба
A36: Иванов Юрий Васильевич | B36: 3 | C36: НИЦ Прософт-Системы
A37: Шевченко Вера Михайловна | B37: 3 | C37: Отдел маркетинга и рекламы
A38: Ченцов Олег Олегович | B38: 3 | C38: =_xlfn.XLOOKUP(A38,Sheet1!B:B,Sheet1!C:C,"") -> ДАЭС
A39: Ткач Евгений Игоревич | B39: 3 | C39: =_xlfn.XLOOKUP(A39,Sheet1!B:B,Sheet1!C:C,"") -> ДРЗА ВН
A40: Косенко Алексей Николаевич | B40: 3 | C40: Склад и отдел транспортной логистики
A41: Николаев Павел Вадимович | B41: 3 | C41: Редкит Лаб
A42: Диордиев Андрей Анатольевич | B42: 3 | C42: =_xlfn.XLOOKUP(A42,Sheet1!B:B,Sheet1!C:C,"") -> ДАЭС
A43: Калюжная Лолитта Владимировна | B43: 3 | C43: =_xlfn.XLOOKUP(A43,Sheet1!B:B,Sheet1!C:C,"") -> Отдел ИТ
A44: Самойлов (Косых) Александр Андреевич | B44: 3 | C44: ДАЭС
A45: Андреевских Вера Валерьевна | B45: 3 | C45: Кадровая служба
A46: Деткова Виктория Владимировна | B46: 3 | C46: =_xlfn.XLOOKUP(A46,Sheet1!B:B,Sheet1!C:C,"") -> ДРЗА ВН
A47: Распутин Александр Станиславович | B47: 3 | C47: Дирекция
A48: Люхина Ирина Васильевна | B48: 3 | C48: Отдел метрологии и лицензирования
A49: Аверин Сергей Александрович | B49: 3 | C49: Дирекция
A50: Черноскутов Николай Александрович | B50: 2 | C50: =_xlfn.XLOOKUP(A50,Sheet1!B:B,Sheet1!C:C,"") -> ДРЗА ВН
A51: Туканов Роман Александрович | B51: 2 | C51: =_xlfn.XLOOKUP(A51,Sheet1!B:B,Sheet1!C:C,"") -> Конструкторско-технологический отдел (КТО)
A52: Соснин Роман Игоревич | B52: 2 | C52: Редкит Лаб
A53: Багун Максим Сергеевич | B53: 2 | C53: Отдел энергосвязи
A54: Ярин Михаил Дмитриевич | B54: 2 | C54: =_xlfn.XLOOKUP(A54,Sheet1!B:B,Sheet1!C:C,"") -> ДАЭС
A55: Олин Сергей Леонидович | B55: 2 | C55: =_xlfn.XLOOKUP(A55,Sheet1!B:B,Sheet1!C:C,"") -> ДРЗА ВН
A56: Зотов Андрей Николаевич | B56: 2 | C56: ДРЗА ВН
A57: Пасищук (Чепрасова) Дарья Сергеевна | B57: 2 | C57: ДАЭС
A58: Базанова Елена Алексеевна | B58: 2 | C58: =_xlfn.XLOOKUP(A58,Sheet1!B:B,Sheet1!C:C,"") -> ДРЗА ВН
A59: Ившин Максим Витальевич | B59: 2 | C59: =_xlfn.XLOOKUP(A59,Sheet1!B:B,Sheet1!C:C,"") -> Отдел ИТ
A60: Задорин Евгений Анатольевич | B60: 2 | C60: ДАЭС
A61: Плитченко Наталья Владимировна | B61: 2 | C61: Представительство в г. Москве
A62: Челаков Геннадий Петрович | B62: 2 | C62: =_xlfn.XLOOKUP(A62,Sheet1!B:B,Sheet1!C:C,"") -> Отдел эксплуатации и капитального строительства зданий и сооружений (ОЭКС)
A63: Казначеев Роман Анатольевич | B63: 2 | C63: =_xlfn.XLOOKUP(A63,Sheet1!B:B,Sheet1!C:C,"") -> ДАЭС
A64: Нефедов Артем Вадимович | B64: 2 | C64: =_xlfn.XLOOKUP(A64,Sheet1!B:B,Sheet1!C:C,"") -> ДРЗА ВН
A65: Гиндуллин Руслан Азатович | B65: 2 | C65: Отдел ИТ
A66: Щеблыкин Михаил Владимирович | B66: 2 | C66: Отдел энергосвязи
A67: Путин Михаил Михайлович | B67: 2 | C67: ДАЭС
A68: Сумарев Алексей Леонидович | B68: 2 | C68: Редкит Лаб
A69: Пыхов Олег Александрович | B69: 2 | C69: ДАЭС
A70: Даринцев Алексей Евгеньевич | B70: 2 | C70: ДАЭС
A71: Камченков Иван Владимирович | B71: 2 | C71: =_xlfn.XLOOKUP(A71,Sheet1!B:B,Sheet1!C:C,"") -> Представительство в г. Москве
A72: Егорова Маргарита Клавдиевна | B72: 2 | C72: =_xlfn.XLOOKUP(A72,Sheet1!B:B,Sheet1!C:C,"") -> Кадровая служба
A73: Разумов Павел Владимирович | B73: 2 | C73: =_xlfn.XLOOKUP(A73,Sheet1!B:B,Sheet1!C:C,"") -> Корпоративный отдел продаж
A74: Фролов Андрей Викторович | B74: 2 | C74: =_xlfn.XLOOKUP(A74,Sheet1!B:B,Sheet1!C:C,"") -> ДАЭС
A75: Колпаков Юрий Алексеевич | B75: 2 | C75: =_xlfn.XLOOKUP(A75,Sheet1!B:B,Sheet1!C:C,"") -> ДРЗА ВН
A76: Хусяинов Тимур Зякиевич | B76: 2 | C76: =_xlfn.XLOOKUP(A76,Sheet1!B:B,Sheet1!C:C,"") -> ДАЭС
A77: Рыжаков Дмитрий Геннадьевич | B77: 2 | C77: ДАЭС
A78: Молвинских Михаил Юрьевич | B78: 2 | C78: ДРЗА ВН
A79: Дмитриев Евгений Андреевич | B79: 2 | C79: =_xlfn.XLOOKUP(A79,Sheet1!B:B,Sheet1!C:C,"") -> Отдел закупок
A80: Демещенко Константин Александрович | B80: 2 | C80: =_xlfn.XLOOKUP(A80,Sheet1!B:B,Sheet1!C:C,"") -> ДРЗА ВН
A81: Вербецкая Наталья Валерьевна | B81: 2 | C81: =_xlfn.XLOOKUP(A81,Sheet1!B:B,Sheet1!C:C,"") -> Бухгалтерия
A82: Шарапова Анастасия Андреевна | B82: 2 | C82: =_xlfn.XLOOKUP(A82,Sheet1!B:B,Sheet1!C:C,"") -> ДАЭС
A83: Сарафанова Елена Вячеславовна | B83: 2 | C83: Бухгалтерия
A84: Шляпников Егор Иванович | B84: 2 | C84: =_xlfn.XLOOKUP(A84,Sheet1!B:B,Sheet1!C:C,"") -> Отдел ИТ
A85: Лебедев Виталий Валерьевич | B85: 2 | C85: Конструкторско-технологический отдел (КТО)
A86: Новиков Станислав Олегович | B86: 2 | C86: =_xlfn.XLOOKUP(A86,Sheet1!B:B,Sheet1!C:C,"") -> ДАЭС
A87: Лесков Тимофей Валерьевич | B87: 2 | C87: ДРЗА ВН
A88: Меньшиков Сергей Борисович | B88: 2 | C88: =_xlfn.XLOOKUP(A88,Sheet1!B:B,Sheet1!C:C,"") -> Корпоративный отдел продаж
A89: Корелин Дмитрий Владимирович | B89: 1 | C89: ДРЗА ВН
A90: Илларионов Егор Александрович | B90: 1 | C90: =_xlfn.XLOOKUP(A90,Sheet1!B:B,Sheet1!C:C,"") -> Отдел ИТ
A91: Иванов Никита Евгеньевич | B91: 1 | C91: ДАЭС
A92: Кочкин Игорь Витальевич | B92: 1 | C92: =_xlfn.XLOOKUP(A92,Sheet1!B:B,Sheet1!C:C,"") -> Цех монтажа печатных плат
A93: Карнаухова Татьяна Александровна | B93: 1 | C93: =_xlfn.XLOOKUP(A93,Sheet1!B:B,Sheet1!C:C,"") -> Бухгалтерия
A94: Кочкин Максим Игоревич | B94: 1 | C94: ДАЭС
A95: Седловский Ренат Ильнурович | B95: 1 | C95: =_xlfn.XLOOKUP(A95,Sheet1!B:B,Sheet1!C:C,"") -> ДАЭС
A96: Кочнева Елена Сергеевна | B96: 1 | C96: Редкит Лаб
A97: Татаровский Станислав Викторович | B97: 1 | C97: =_xlfn.XLOOKUP(A97,Sheet1!B:B,Sheet1!C:C,"") -> Отдел энергосвязи
A98: Кузнецова Екатерина Алексеевна | B98: 1 | C98: Отдел ИТ
A99: Баранов Андрей Павлович | B99: 1 | C99: =_xlfn.XLOOKUP(A99,Sheet1!B:B,Sheet1!C:C,"") -> ДРЗА ВН
A100: Кузнецова Елизавета Васильевна | B100: 1 | C100: =_xlfn.XLOOKUP(A100,Sheet1!B:B,Sheet1!C:C,"") -> Редкит Лаб
A101: Шакиров Михаил Маратович | B101: 1 | C101: =_xlfn.XLOOKUP(A101,Sheet1!B:B,Sheet1!C:C,"") -> Редкит Лаб
A102: Кураев Игорь Валерьевич | B102: 1 | C102: НИЦ Прософт-Системы
...

Sheet Sheet1
A1: chat_id | B1: fio | C1: department | D1: nominee | E1: date
A2: 827617660 | B2: Коновалов Николай Сергеевич | C2: Склад и отдел транспортной логистики | D2: Иванчов Дмитрий Петрович | E2: 2025-11-17T14:03:10.776429
A3: 1014105388 | B3: Зайнутдинов Валерий Игоревич | C3: ДАЭС | D3: Барышев Роман Юрьевич | E3: 2025-11-17T14:03:25.877747
A4: 1263768779 | B4: Фуфаров Данил Валерьевич | C4: ДАЭС | D4: Воропаев Александр Юрьевич | E4: 2025-11-17T14:04:17.613670
A5: 1696116239 | B5: Долгих Елена Олеговна | C5: Отдел закупок | D5: Гиндуллин Руслан Азатович | E5: 2025-11-17T14:04:24.380989
A6: 1909442531 | B6: Дмитриев Евгений Андреевич | C6: Отдел закупок | D6: Озорнин Иван Егорович | E6: 2025-11-17T14:04:40.364691
A7: 2021077720 | B7: Галиева Ольга Степановна | C7: Кадровая служба | D7: Топайкина Татьяна Васильевна | E7: 2025-11-17T14:05:08.516306
A8: 1041279690 | B8: Зайцева Наталья Михайловна | C8: Кадровая служба | D8: Андреевских Вера Валерьевна | E8: 2025-11-17T14:05:42.458044
A9: 1328835489 | B9: Суздалов Всеволод Вячеславович | C9: ДАЭС | D9: Воропаев Александр Юрьевич | E9: 2025-11-17T14:05:55.175662
A10: 552510694 | B10: Соловьёв Константин Михайлович | C10: Редкит Лаб | D10: Николаев Павел Вадимович | E10: 2025-11-17T14:06:22.997118
A11: 1127193219 | B11: Егошин Иван Евгеньевич | C11: Редкит Лаб | D11: Кочнева Елена Сергеевна | E11: 2025-11-17T14:09:46.382223
A12: 678618769 | B12: Бабаев Артем Ахмадалиевич | C12: Редкит Лаб | D12: Лешко Антон Сергеевич | E12: 2025-11-17T14:11:33.338746
A13: 468465382 | B13: Абрамов Роман Павлович | C13: Редкит Лаб | D13: Сумарев Алексей Леонидович | E13: 2025-11-17T14:12:19.143411
... A465: 1337718703 | B465: Колокольников Данила Игоревич | C465: Отдел энергосвязи | D465: Багун Максим Сергеевич | E465: 2025-11-25T20:10:43.589386
B466: Берденева (Прокудина) Ольга Васильевна | C466: РегЛаб: ДИР: Отдел разработки системного ПО | D466: Щербаков Сергей Викторович | E466: 2025-11-24T15:46:03.637425
B467: Фролов Евгений Александрович | C467: РегЛаб: ДИР: Отдел разработки системного ПО | D467: Коваленко Андрей Сергеевич | E467: 2025-11-24T15:46:03.637426
B468: Бараковских Екатерина Николаевна | C468: Корпоративный отдел продаж | D468: Меньшиков Сергей Борисович | E468: 2025-11-24T15:46:03.637427
B469: Макаров Константин Альбертович | C469: Редкит Лаб | D469: Бабаев Артем Ахмадалиевич | E469: 2025-11-24T15:46:03.637428
B470: Брызгалов Сергей Александрович | C470: Отдел эксплуатации и капитального строительства зданий и сооружений (ОЭКС) | D470: Кухаренко Виктор Александрович | E470: 2025-11-24T15:46:03.637429
B471: Мозоваткин Василий Иванович | C471: Отдел ИТ | D471: Ганина (Абрамова) Екатерина Павловна | E471: 2025-11-24T15:46:03.637430
